procedure,branching_factor,qty_streams,data_points,duration_ms,visibility,samples,unix_only
get_index,1,1,8640,27,Public,1,true
get_index,1,1,720,4,Public,1,true
get_index,1,2,8640,102,Public,1,true
get_index,1,2,720,12,Public,1,true
get_index,9223372036854775807,10,8640,761,Public,1,true
get_index,9223372036854775807,10,720,66,Public,1,true
get_index,9223372036854775807,20,8640,1645,Public,1,true
get_index,9223372036854775807,20,720,142,Public,1,true
get_index,9223372036854775807,30,8640,2808,Public,1,true
get_index,9223372036854775807,30,720,260,Public,1,true
